{"cameraMode":{"drawMode":0,"name":"Shaded","section":"Shading Mode"},"sceneLighting":true,"audioPlay":false,"sceneViewState":{"showFog":true,"showMaterialUpdate":false,"showSkybox":true,"showFlares":true,"showImageEffects":true,"showParticleSystems":true},"in2DMode":false,"pivot":{"x":3.80194091796875,"y":-2.3199996948242189,"z":9.770000457763672},"rotation":{"x":-0.30472347140312197,"y":0.344000905752182,"z":-0.11910256743431092,"w":-0.8801264762878418},"size":14.855205535888672,"orthographic":false}