{"cameraMode":{"drawMode":0,"name":"Shaded","section":"Shading Mode"},"sceneLighting":true,"audioPlay":false,"sceneViewState":{"showFog":true,"showMaterialUpdate":false,"showSkybox":true,"showFlares":true,"showImageEffects":true,"showParticleSystems":true},"in2DMode":false,"pivot":{"x":133.66619873046876,"y":-37.706642150878909,"z":-107.44793701171875},"rotation":{"x":-0.3584120273590088,"y":-0.4006780683994293,"z":0.17404618859291078,"w":-0.8250535726547241},"size":37.527523040771487,"orthographic":false}