{"cameraMode":{"drawMode":0,"name":"Shaded","section":"Shading Mode"},"sceneLighting":true,"audioPlay":false,"sceneViewState":{"showFog":true,"showMaterialUpdate":false,"showSkybox":true,"showFlares":true,"showImageEffects":true,"showParticleSystems":true},"in2DMode":false,"pivot":{"x":-7.007828712463379,"y":-51.73286056518555,"z":4.843610763549805},"rotation":{"x":0.40201979875564577,"y":-0.5969607830047607,"z":0.5129152536392212,"w":0.4679127037525177},"size":51.64111328125,"orthographic":false}