{"cameraMode":{"drawMode":0,"name":"Shaded","section":"Shading Mode"},"sceneLighting":false,"audioPlay":false,"sceneViewState":{"showFog":true,"showMaterialUpdate":false,"showSkybox":false,"showFlares":true,"showImageEffects":true,"showParticleSystems":true},"in2DMode":false,"pivot":{"x":62.47999954223633,"y":0.9300000667572022,"z":-28.049999237060548},"rotation":{"x":-0.22908395528793336,"y":0.5777132511138916,"z":-0.17323081195354463,"w":-0.7640464305877686},"size":1.2247449159622193,"orthographic":false}