{"cameraMode":{"drawMode":0,"name":"Shaded","section":"Shading Mode"},"sceneLighting":true,"audioPlay":false,"sceneViewState":{"showFog":true,"showMaterialUpdate":false,"showSkybox":true,"showFlares":true,"showImageEffects":true,"showParticleSystems":true},"in2DMode":false,"pivot":{"x":-1.3732025623321534,"y":-41.61631393432617,"z":-0.05589904636144638},"rotation":{"x":0.49102336168289187,"y":-0.50871741771698,"z":0.48868876695632937,"w":0.5111689567565918},"size":51.64111328125,"orthographic":false}