{"cameraMode":{"drawMode":0,"name":"Shaded","section":"Shading Mode"},"sceneLighting":false,"audioPlay":false,"sceneViewState":{"showFog":true,"showMaterialUpdate":false,"showSkybox":false,"showFlares":true,"showImageEffects":true,"showParticleSystems":true},"in2DMode":false,"pivot":{"x":-4.349572658538818,"y":-2.4336302280426027,"z":-4.260555744171143},"rotation":{"x":0.32623305916786196,"y":0.6240161061286926,"z":-0.32154446840286257,"w":0.6330825686454773},"size":0.2532622814178467,"orthographic":false}