{"cameraMode":{"drawMode":0,"name":"Shaded","section":"Shading Mode"},"sceneLighting":true,"audioPlay":false,"sceneViewState":{"showFog":true,"showMaterialUpdate":false,"showSkybox":true,"showFlares":true,"showImageEffects":true,"showParticleSystems":true},"in2DMode":false,"pivot":{"x":1.1072101593017579,"y":1.2673180103302003,"z":3.0319581031799318},"rotation":{"x":0.0721585601568222,"y":-0.049354188144207,"z":0.0035755683202296497,"w":0.9961673617362976},"size":5.4427337646484379,"orthographic":false}