{"cameraMode":{"drawMode":0,"name":"Shaded","section":"Shading Mode"},"sceneLighting":true,"audioPlay":false,"sceneViewState":{"showFog":true,"showMaterialUpdate":false,"showSkybox":true,"showFlares":true,"showImageEffects":true,"showParticleSystems":true},"in2DMode":false,"pivot":{"x":-4.415343761444092,"y":-4.337084770202637,"z":1.0633635520935059},"rotation":{"x":0.32623305916786196,"y":0.6240161061286926,"z":-0.32154446840286257,"w":0.6330825686454773},"size":13.762385368347168,"orthographic":false}