{"cameraMode":{"drawMode":0,"name":"Shaded","section":"Shading Mode"},"sceneLighting":true,"audioPlay":false,"sceneViewState":{"showFog":true,"showMaterialUpdate":false,"showSkybox":true,"showFlares":true,"showImageEffects":true,"showParticleSystems":true},"in2DMode":false,"pivot":{"x":0.7197848558425903,"y":1.130709171295166,"z":2.9732108116149904},"rotation":{"x":0.0721585601568222,"y":-0.049354188144207,"z":0.0035755683202296497,"w":0.9961673617362976},"size":3.924213171005249,"orthographic":false}