{"cameraMode":{"drawMode":0,"name":"Shaded","section":"Shading Mode"},"sceneLighting":true,"audioPlay":false,"sceneViewState":{"showFog":true,"showMaterialUpdate":false,"showSkybox":true,"showFlares":true,"showImageEffects":true,"showParticleSystems":true},"in2DMode":false,"pivot":{"x":-2.481265068054199,"y":0.05672788619995117,"z":2.106815814971924},"rotation":{"x":0.1572660505771637,"y":-0.4852776527404785,"z":0.08921744674444199,"w":0.8554658889770508},"size":7.651246070861816,"orthographic":false}