{"cameraMode":{"drawMode":0,"name":"Shaded","section":"Shading Mode"},"sceneLighting":true,"audioPlay":false,"sceneViewState":{"showFog":true,"showMaterialUpdate":false,"showSkybox":true,"showFlares":true,"showImageEffects":true,"showParticleSystems":true},"in2DMode":false,"pivot":{"x":0.5845386981964111,"y":-79.0761947631836,"z":14.294628143310547},"rotation":{"x":-0.2590595483779907,"y":-0.6766361594200134,"z":0.6307389736175537,"w":-0.2778981924057007},"size":58.065818786621097,"orthographic":false}